index,total_us,admission_us,journal_before_terminal_ms,terminal_event_ms,terminal_tail_upper_us,model_duration_ms
0,14602,2490,5,12,2602,3
1,16208,2255,4,14,2208,5
2,14629,2491,6,12,2629,3
3,15035,2164,6,12,3035,4
4,16174,3030,5,13,3174,4
5,14936,2212,5,12,2936,4
6,15978,2236,5,13,2978,5
7,16721,2261,6,14,2721,5
8,14445,2286,6,12,2445,3
9,16148,2303,6,13,3148,4
10,14550,2443,6,12,2550,3
11,18957,2395,6,12,6957,3
12,27484,2500,6,24,3484,15
13,15557,2433,6,13,2557,4
14,16489,2486,6,13,3489,3
15,14892,2327,6,12,2892,3
16,15766,2307,7,13,2766,3
17,15227,2178,6,12,3227,4
18,15433,2379,5,13,2433,4
19,15808,2316,6,13,2808,4
20,15136,2304,6,12,3136,4
21,16085,2325,6,13,3085,5
22,15564,2349,5,13,2564,4
23,15295,2487,6,13,2295,4
24,15981,2237,6,13,2981,5
25,15227,2628,6,13,2227,4
26,15495,2299,6,12,3495,4
27,15737,2265,6,13,2737,4
28,16346,2356,6,14,2346,4
29,14562,2209,6,12,2562,3
30,16047,2527,6,13,3047,4
31,15396,2171,6,12,3396,4
32,15986,2291,6,13,2986,4
33,14971,2540,6,12,2971,3
34,30380,6258,8,28,2380,13
35,15841,2195,5,13,2841,5
36,15586,2146,5,13,2586,5
37,17040,2241,5,13,4040,4
38,13736,2223,6,11,2736,3
39,14444,2267,5,12,2444,3
40,15375,2196,5,13,2375,4
41,15999,2315,6,13,2999,4
42,14817,2372,6,12,2817,3
43,14725,2200,5,12,2725,4
44,16194,2212,6,13,3194,5
45,15440,2264,5,13,2440,4
46,16356,2199,6,13,3356,5
47,15938,2192,5,13,2938,5
48,15659,2287,5,13,2659,5
49,15070,2305,6,12,3070,4
50,15123,2371,4,12,3123,4
51,15263,2295,6,13,2263,4
52,15633,2246,6,13,2633,4
53,15885,2171,5,13,2885,5
54,10726,2286,6,8,2726,0
55,21052,2245,6,18,3052,10
56,14660,2346,6,12,2660,3
57,16189,2169,6,13,3189,5
58,15376,2230,5,13,2376,4
59,16035,2468,5,13,3035,5
60,16031,2239,5,13,3031,5
61,14903,2325,6,12,2903,4
62,15026,2280,5,12,3026,4
63,15942,2328,6,13,2942,5
64,15540,2333,6,13,2540,4
65,15284,2239,6,12,3284,4
66,15983,2479,6,13,2983,4
67,14979,2385,6,12,2979,3
68,16207,2335,6,13,3207,4
69,15954,2296,6,13,2954,4
70,15884,2515,6,13,2884,4
71,16044,2344,6,13,3044,4
72,14862,2417,6,12,2862,3
73,15192,2334,6,12,3192,4
74,14828,2284,6,12,2828,3
75,15104,2328,6,12,3104,3
76,16014,2275,6,13,3014,4
77,15106,2352,6,12,3106,3
78,17489,2505,7,15,2489,4
79,15431,2409,7,13,2431,3
80,14837,2348,6,12,2837,3
81,14884,2321,6,12,2884,3
82,16308,2323,6,13,3308,4
83,16971,2355,6,13,3971,3
84,14040,2475,6,11,3040,2
85,32058,2441,13,29,3058,12
86,14914,2402,6,12,2914,3
87,16201,2299,6,13,3201,4
88,15426,2363,6,13,2426,4
89,14770,2486,6,12,2770,3
90,15295,2337,6,13,2295,4
91,16047,2450,6,13,3047,4
92,15848,2347,6,13,2848,4
93,15071,2283,5,12,3071,4
94,15227,2280,6,12,3227,4
95,15990,2216,6,13,2990,5
96,16107,2281,6,13,3107,4
97,14808,2280,6,12,2808,3
98,15997,2336,6,13,2997,4
99,14981,2196,6,12,2981,4
100,16063,2311,6,13,3063,5
101,15863,2317,6,13,2863,4
102,15614,2285,6,13,2614,4
103,15076,2297,6,12,3076,4
104,16224,2227,6,13,3224,5
105,16079,2306,6,13,3079,4
106,14657,2394,6,12,2657,3
107,15172,2205,6,12,3172,4
108,15667,2311,5,13,2667,4
109,15095,2285,6,12,3095,4
110,15852,2192,6,13,2852,5
111,15404,2344,6,13,2404,4
112,16012,2314,6,13,3012,5
113,16138,2268,6,13,3138,4
114,15286,2321,6,13,2286,4
115,15853,2255,5,13,2853,4
116,14925,2318,6,12,2925,4
117,15292,2344,6,12,3292,4
118,15292,2274,5,13,2292,4
119,14932,2264,6,12,2932,3
120,14814,2197,6,12,2814,4
121,15258,2241,6,12,3258,4
122,15789,2298,6,13,2789,5
123,15101,2331,6,12,3101,4
124,15883,2230,6,13,2883,5
125,16077,2270,6,13,3077,5
126,15503,2342,10,13,2503,0
127,16129,2335,6,13,3129,5
128,15400,2318,6,13,2400,4
129,15442,2223,6,13,2442,4
130,15430,2300,5,13,2430,4
131,15567,2234,6,13,2567,4
132,15454,2340,6,13,2454,4
133,15744,2254,6,13,2744,4
134,16001,2844,5,13,3001,4
135,16493,2272,6,14,2493,5
136,16506,2265,5,14,2506,5
137,21899,2213,9,17,4899,5
138,26159,2243,6,23,3159,15
139,15327,2322,6,13,2327,4
140,14707,2187,6,12,2707,3
141,11238,2312,6,8,3238,0
142,19970,2433,6,17,2970,8
143,16040,2355,6,13,3040,4
144,15999,2367,5,13,2999,4
145,15947,2435,5,13,2947,4
146,15819,2304,6,13,2819,4
147,15944,2374,6,13,2944,4
148,15026,2347,6,12,3026,3
149,17591,2333,7,15,2591,4
150,14204,2365,6,11,3204,2
151,15264,2477,6,12,3264,3
152,15008,2424,6,12,3008,3
153,16268,2341,6,13,3268,4
154,15867,2439,6,13,2867,4
155,15289,2234,5,13,2289,4
156,14980,2371,6,12,2980,3
157,15177,2320,6,12,3177,4
158,15539,2330,6,13,2539,4
159,15964,2311,6,13,2964,4
160,15095,2258,6,12,3095,3
161,15922,2439,6,13,2922,4
162,15960,2336,6,13,2960,4
163,16186,2425,6,13,3186,4
164,14950,2654,6,12,2950,2
165,15408,2484,6,13,2408,3
166,15335,2513,6,12,3335,3
167,16229,2304,6,13,3229,4
168,20593,2328,11,17,3593,3
169,25545,2419,6,23,2545,14
170,14991,2391,6,12,2991,3
171,16078,2316,6,13,3078,4
172,15956,2441,6,13,2956,4
173,15440,2361,6,13,2440,4
174,15549,2450,6,13,2549,4
175,14848,2411,6,12,2848,3
176,15617,2344,6,13,2617,4
177,15012,2390,6,12,3012,3
178,15113,2375,6,12,3113,3
179,15973,2380,6,13,2973,4
180,16088,2320,6,13,3088,4
181,14733,2397,6,12,2733,3
182,15760,2323,6,13,2760,4
183,15254,2304,6,12,3254,4
184,14986,2262,6,12,2986,3
185,14790,2298,6,12,2790,3
186,16140,2312,6,13,3140,5
187,15244,2281,6,13,2244,4
188,17891,2312,12,15,2891,0
189,13886,2268,6,11,2886,3
190,15676,2272,6,13,2676,4
191,15291,2285,6,13,2291,4
192,14927,2277,6,12,2927,3
193,15999,2246,6,13,2999,5
194,15271,2379,6,13,2271,4
195,15260,2327,6,12,3260,4
196,10834,2260,6,8,2834,0
197,20245,2459,6,17,3245,9
198,16106,2428,6,13,3106,5
199,14763,2522,5,12,2763,3
200,15553,2236,6,13,2553,4
201,15003,2543,6,12,3003,3
202,16815,2264,7,14,2815,4
203,13492,2315,7,11,2492,0
204,15595,2196,6,13,2595,4
205,16064,2345,6,13,3064,4
206,15171,2360,7,12,3171,2
207,15779,3152,6,13,2779,2
208,16242,2476,6,13,3242,4
209,15220,2390,6,12,3220,3
210,16955,2407,9,14,2955,2
211,15227,3982,6,12,3227,1
212,15183,2251,6,12,3183,3
213,11300,2364,6,8,3300,0
214,20108,2452,6,17,3108,8
215,14977,2395,6,12,2977,3
216,16098,2336,6,13,3098,4
217,15544,2274,5,13,2544,4
218,15370,2420,6,13,2370,4
219,20045,2287,6,13,7045,4
220,26351,2380,6,23,3351,14
221,15964,2502,8,13,2964,1
222,15738,2356,6,13,2738,4
223,14918,2340,6,12,2918,3
224,16431,2340,6,13,3431,3
225,14589,3987,6,12,2589,1
226,15983,2293,6,13,2983,4
227,15425,2332,6,13,2425,4
228,17643,2418,6,13,4643,4
229,29510,2451,8,27,2510,15
230,16096,2330,6,13,3096,4
231,15964,2456,6,13,2964,4
232,16562,3791,7,14,2562,2
233,13654,3692,6,11,2654,1
234,14850,2339,6,12,2850,3
235,15570,2296,6,13,2570,4
236,15587,2298,6,13,2587,4
237,16219,2282,6,13,3219,4
238,15918,2377,6,13,2918,4
239,30511,2373,16,28,2511,8
240,15006,2339,6,12,3006,3
241,16316,2402,6,13,3316,4
242,15794,2435,7,13,2794,3
243,15715,2327,7,11,4715,1
244,13738,2394,6,11,2738,2
245,16254,2378,6,13,3254,4
246,17506,2354,6,13,4506,4
247,13010,2389,6,10,3010,1
248,14893,2246,6,12,2893,4
249,16179,2293,6,13,3179,5
250,12692,2618,6,10,2692,1
251,15138,2315,6,12,3138,4
252,18765,2401,8,16,2765,5
253,13529,2325,6,11,2529,2
254,15816,2264,5,13,2816,5
255,15350,2414,6,13,2350,4
256,15169,2367,6,12,3169,4
257,15857,2284,5,13,2857,5
258,15568,2256,6,13,2568,4
259,15303,2302,5,13,2303,4
260,15744,2247,5,13,2744,5
261,17567,2226,6,13,4567,4
262,13699,2355,5,11,2699,2
263,15042,2447,6,12,3042,4
264,15403,2206,6,13,2403,4
265,15140,2303,6,12,3140,4
266,10757,2291,6,8,2757,0
267,20226,2282,6,17,3226,9
268,15355,2314,5,13,2355,4
269,17118,2206,7,14,3118,5
270,14557,2230,6,12,2557,2
271,15656,2235,6,13,2656,4
272,15135,2292,6,12,3135,4
273,10841,2288,5,8,2841,0
274,19958,2226,6,17,2958,9
275,16245,2324,6,14,2245,5
276,16866,2435,8,14,2866,2
277,14092,2285,6,11,3092,3
278,14980,2390,6,12,2980,4
279,17047,2301,6,14,3047,5
280,15180,2300,7,12,3180,2
281,14949,2312,6,12,2949,3
282,14963,2248,6,12,2963,4
283,15472,2250,6,13,2472,4
284,15275,3697,6,12,3275,2
285,15457,2270,6,13,2457,4
286,15136,2258,6,12,3136,4
287,18907,2308,6,12,6907,4
288,26785,4157,6,24,2785,14
289,15293,2251,6,13,2293,4
290,15515,2270,7,13,2515,3
291,15935,2305,6,13,2935,5
292,15001,2298,6,12,3001,4
293,15345,2360,6,13,2345,4
294,15587,2302,7,13,2587,3
295,15539,2351,6,13,2539,4
296,15347,2227,6,13,2347,4
297,15771,2248,6,13,2771,5
298,15994,3627,6,13,2994,3
299,16074,3590,5,13,3074,3
300,14950,2160,5,12,2950,4
301,10415,2287,5,8,2415,0
302,21697,2203,5,19,2697,10
303,15517,3497,6,13,2517,3
304,15307,2320,5,13,2307,4
305,15309,2355,5,13,2309,4
306,15988,2223,5,13,2988,5
307,15785,2181,5,13,2785,5
308,15294,2186,6,13,2294,4
309,16053,2187,7,13,3053,3
310,16093,3574,6,13,3093,3
311,14656,2189,5,12,2656,4
312,16041,2143,5,13,3041,5
313,15582,5320,6,13,2582,1
314,15880,2146,4,13,2880,5
315,16133,2383,5,13,3133,5
316,15588,3423,6,13,2588,3
317,15097,2252,6,12,3097,4
318,15936,2239,5,13,2936,5
319,14851,3859,6,12,2851,2
320,15227,2337,4,12,3227,4
321,15214,2256,6,12,3214,4
322,15483,2143,5,13,2483,5
323,15673,2294,5,13,2673,5
324,15923,2282,5,13,2923,5
325,15031,2257,5,12,3031,4
326,16168,2183,5,13,3168,5
327,15368,2125,6,13,2368,4
328,15778,2227,5,13,2778,5
329,15369,2288,6,13,2369,4
330,15199,2943,5,13,2199,3
331,15441,2307,4,13,2441,4
332,14978,2269,4,12,2978,4
333,15243,2178,3,13,2243,4
334,16082,2298,5,13,3082,5
335,16096,2114,5,13,3096,5
336,15717,2124,3,13,2717,5
337,15405,2125,4,13,2405,5
338,32236,6511,6,29,3236,15
339,15230,2200,4,13,2230,4
340,15083,2178,4,12,3083,4
341,14632,2143,3,12,2632,4
342,15038,2207,4,12,3038,4
343,16031,2165,3,13,3031,5
344,15215,2228,4,13,2215,4
345,15728,2131,4,13,2728,5
346,15553,2233,4,13,2553,5
347,15490,2181,5,13,2490,5
348,15934,2091,4,13,2934,5
349,15252,2207,4,13,2252,4
350,15538,2091,4,13,2538,5
351,14985,2159,4,12,2985,4
352,15218,2172,6,12,3218,4
353,15744,2319,6,13,2744,4
354,15504,2304,6,13,2504,4
355,15038,2307,6,12,3038,4
356,15026,2251,6,12,3026,4
357,15875,2446,5,13,2875,4
358,15432,2331,6,13,2432,4
359,15184,2243,6,12,3184,4
360,14906,2206,5,12,2906,4
361,15315,2200,6,13,2315,4
362,14747,2274,5,12,2747,4
363,15008,2255,6,12,3008,4
364,15367,2281,4,13,2367,4
365,15805,2230,5,13,2805,4
366,14731,2285,6,12,2731,4
367,15538,2267,6,13,2538,4
368,15032,2254,6,12,3032,4
369,15899,2212,6,13,2899,5
370,16145,2273,6,13,3145,5
371,15309,2303,6,13,2309,4
372,15613,2232,6,13,2613,4
373,15015,2304,6,12,3015,3
374,15458,2299,6,13,2458,4
375,16117,2419,6,13,3117,4
376,15284,2413,6,12,3284,4
377,15586,2292,6,13,2586,4
378,15167,2333,6,12,3167,3
379,15255,2442,6,12,3255,3
380,15689,2412,6,13,2689,4
381,14826,2313,6,12,2826,3
382,15212,2325,5,12,3212,4
383,16067,2311,6,13,3067,5
384,14692,2304,6,12,2692,3
385,15371,2272,5,13,2371,4
386,15556,2276,6,13,2556,4
387,21784,2272,9,17,4784,5
388,26179,2369,6,23,3179,15
389,14821,2287,5,12,2821,3
390,15430,2411,6,13,2430,4
391,15114,2176,6,12,3114,4
392,15194,2278,6,13,2194,4
393,15996,2203,6,13,2996,5
394,15881,2363,6,13,2881,5
395,15240,2326,5,13,2240,4
396,15213,2323,6,13,2213,4
397,15224,2313,5,13,2224,4
398,15584,2300,6,13,2584,4
399,14917,2250,5,12,2917,4
400,15203,2348,6,12,3203,4
401,10534,2163,6,8,2534,0
402,20550,2357,6,18,2550,9
403,14953,2227,6,12,2953,4
404,14800,2255,6,12,2800,4
405,15093,2345,6,12,3093,4
406,15959,2310,6,13,2959,4
407,14659,2327,6,12,2659,3
408,15730,2273,6,13,2730,4
409,15683,2349,6,13,2683,4
410,15353,2261,6,13,2353,4
411,16052,2446,6,13,3052,4
412,15966,2344,6,13,2966,4
413,15800,2247,6,13,2800,4
414,16139,2287,6,13,3139,5
415,14580,2441,6,12,2580,3
416,15360,2315,6,13,2360,4
417,15597,2260,6,13,2597,4
418,15456,2390,6,13,2456,4
419,15806,2318,6,13,2806,4
420,16260,2166,6,14,2260,5
421,14882,2252,6,12,2882,4
422,16165,2279,5,13,3165,5
423,15512,2307,5,13,2512,4
424,14914,2212,6,12,2914,4
425,16950,2358,6,14,2950,4
426,13692,2268,6,11,2692,2
427,15689,2285,5,13,2689,4
428,15168,2329,5,12,3168,4
429,15767,2221,6,13,2767,4
430,14695,2280,5,12,2695,3
431,15515,2303,6,13,2515,4
432,15292,2258,5,13,2292,4
433,14727,2246,6,12,2727,3
434,14888,2199,5,12,2888,4
435,15977,2229,6,13,2977,5
436,32237,2247,12,29,3237,14
437,13460,2238,6,11,2460,2
438,15755,2218,5,13,2755,5
439,15225,2181,6,13,2225,4
440,15215,2303,5,12,3215,4
441,10561,2271,5,8,2561,0
442,20569,2292,6,18,2569,9
443,14603,2177,5,12,2603,4
444,15226,2312,5,13,2226,4
445,15596,2143,4,13,2596,5
446,15029,2286,6,12,3029,4
447,15978,2296,6,13,2978,5
448,15458,2315,4,13,2458,4
449,15100,2361,5,12,3100,4
450,15064,2133,5,12,3064,4
451,15187,2161,6,13,2187,4
452,16000,2286,5,13,3000,5
453,15139,2243,5,12,3139,4
454,15148,2505,6,12,3148,4
455,15045,2163,5,12,3045,4
456,15838,2446,5,13,2838,5
457,15450,2268,5,13,2450,4
458,15709,2191,5,13,2709,5
459,10431,2204,4,8,2431,0
460,21446,2316,6,19,2446,10
461,15389,2331,6,13,2389,4
462,15926,2292,6,13,2926,4
463,15508,2226,6,13,2508,4
464,15939,2323,5,13,2939,5
465,15008,2312,6,12,3008,4
466,16099,2397,6,13,3099,4
467,15165,2289,6,12,3165,3
468,15030,2376,6,12,3030,3
469,15262,2325,6,13,2262,4
470,14948,2349,6,12,2948,3
471,15950,2421,6,13,2950,4
472,15335,2329,6,13,2335,4
473,15001,2477,6,12,3001,3
474,15951,2377,6,13,2951,4
475,15839,2419,6,13,2839,4
476,11180,2295,6,8,3180,0
477,19484,2429,6,17,2484,8
478,15332,2410,6,13,2332,4
479,15457,2367,6,13,2457,4
480,16015,2407,6,13,3015,4
481,15282,2297,6,13,2282,4
482,16153,2324,6,13,3153,4
483,15367,2328,6,13,2367,4
484,15081,2451,6,12,3081,3
485,21209,2217,6,13,8209,5
486,26064,4342,6,23,3064,12
487,15622,2423,6,13,2622,4
488,15597,2373,6,13,2597,4
489,19282,2330,6,13,6282,4
490,26685,2438,6,24,2685,15
491,15084,2453,6,12,3084,3
492,14824,2380,6,12,2824,3
493,15495,2678,6,13,2495,4
494,15626,2290,6,13,2626,4
495,16076,2282,6,13,3076,5
496,16025,2323,6,13,3025,4
497,15824,2324,6,13,2824,4
498,14994,2376,6,12,2994,3
499,15197,2359,6,12,3197,3
500,13996,2469,6,11,2996,2
501,14963,2367,6,12,2963,3
502,15473,2304,6,13,2473,4
503,15223,2272,6,12,3223,4
504,15566,2284,6,13,2566,4
505,15511,2330,6,13,2511,4
506,15445,2323,6,13,2445,4
507,15945,2345,6,13,2945,4
508,15294,2345,6,12,3294,4
509,15963,2389,6,13,2963,4
510,16984,2285,7,14,2984,4
511,28386,2370,9,26,2386,13
512,16286,2313,6,14,2286,5
513,15069,2314,6,12,3069,3
514,16099,2309,6,13,3099,4
515,15391,2336,5,13,2391,4
516,15871,2400,6,13,2871,4
517,16318,2223,6,14,2318,5
518,15319,2375,6,13,2319,4
519,15974,2246,6,13,2974,4
520,16132,2352,6,13,3132,4
521,15301,2271,6,13,2301,4
522,15977,2181,6,13,2977,5
523,15101,2376,6,12,3101,4
524,14944,2358,6,12,2944,3
525,15170,2396,5,12,3170,3
526,15341,2452,6,13,2341,4
527,15340,2371,6,13,2340,4
528,15682,2323,6,13,2682,4
529,14898,2404,6,12,2898,3
530,15064,2252,6,12,3064,4
531,14737,2459,6,12,2737,3
532,15075,2312,6,12,3075,4
533,15350,2417,6,13,2350,4
534,17253,2423,6,13,4253,4
535,13876,3441,6,11,2876,1
536,15207,2416,6,12,3207,3
537,30987,7392,8,28,2987,12
538,15037,2328,6,12,3037,3
539,16156,2372,6,13,3156,4
540,15068,2321,6,12,3068,3
541,15654,2365,6,13,2654,4
542,14651,2372,6,12,2651,3
543,15352,2436,6,13,2352,4
544,15274,2315,6,12,3274,4
545,15542,2395,6,13,2542,4
546,15915,2306,6,13,2915,4
547,14888,2321,6,12,2888,3
548,15146,2425,6,12,3146,4
549,15403,2281,6,13,2403,4
550,16061,2327,6,13,3061,4
551,14922,2388,6,12,2922,3
552,15331,2370,6,13,2331,4
553,15570,2296,6,13,2570,4
554,15941,2291,6,13,2941,4
555,15073,2310,7,12,3073,2
556,15614,2533,6,13,2614,4
557,15179,2344,6,12,3179,4
558,14821,2327,6,12,2821,3
559,15785,2236,6,13,2785,4
560,15302,2288,6,12,3302,4
561,15187,2281,6,12,3187,4
562,15229,2333,6,12,3229,4
563,15195,2367,6,12,3195,4
564,15377,2306,6,13,2377,4
565,15887,2355,6,13,2887,4
566,15129,2344,6,12,3129,4
567,14822,2320,6,12,2822,3
568,15140,2293,6,12,3140,4
569,15962,2391,6,13,2962,4
570,15069,2353,6,12,3069,4
571,16020,2464,6,13,3020,4
572,15507,2342,6,13,2507,4
573,15086,2300,6,12,3086,3
574,16496,2394,6,14,2496,5
575,15334,2341,6,12,3334,4
576,15952,2452,6,13,2952,4
577,16111,2335,6,13,3111,4
578,16052,2338,6,13,3052,4
579,15057,2343,6,12,3057,3
580,15821,2323,6,13,2821,4
581,15344,2304,6,13,2344,4
582,15866,2366,6,13,2866,4
583,15923,2363,6,13,2923,4
584,15831,2293,8,13,2831,2
585,15868,2381,6,13,2868,4
586,31942,7388,7,29,2942,13
587,15540,2399,5,13,2540,4
588,15508,2305,6,13,2508,4
589,15668,2278,6,13,2668,4
590,16228,2319,6,13,3228,4
591,14829,2378,4,12,2829,4
592,15747,2267,5,13,2747,4
593,15146,2306,6,12,3146,4
594,15152,2284,6,12,3152,4
595,20078,2292,6,13,7078,4
596,24915,2318,6,22,2915,13
597,30191,2282,10,27,3191,15
598,16026,2280,6,13,3026,5
599,14885,2309,6,12,2885,3
600,15628,2355,6,13,2628,4
601,10928,2331,6,8,2928,0
602,20280,2349,5,17,3280,9
603,14866,2310,5,12,2866,4
604,16197,2337,6,13,3197,5
605,15280,2257,6,13,2280,4
606,15934,2301,6,13,2934,5
607,15445,2259,5,13,2445,4
608,15138,2305,6,12,3138,4
609,15702,2301,5,13,2702,4
610,15511,2424,5,13,2511,4
611,15551,2239,5,13,2551,4
612,15111,2244,5,12,3111,4
613,15673,2381,6,13,2673,4
614,15880,2266,5,13,2880,5
615,16279,2263,6,14,2279,5
616,16173,2274,6,13,3173,5
617,15731,2345,6,13,2731,4
618,15791,2326,6,13,2791,4
619,14868,2319,6,12,2868,4
620,15882,2228,6,13,2882,5
621,15542,2295,5,13,2542,4
622,16162,2292,6,13,3162,5
623,15681,2386,6,13,2681,4
624,15327,2401,6,12,3327,3
625,15845,2362,5,13,2845,4
626,14619,2363,6,12,2619,3
627,15693,2393,6,13,2693,4
628,14966,2379,5,12,2966,3
629,15874,2498,6,13,2874,4
630,16113,2499,6,13,3113,4
631,15827,2381,6,13,2827,4
632,15714,2441,6,13,2714,4
633,16036,2395,6,13,3036,4
634,16208,2329,6,13,3208,4
635,15186,2364,6,12,3186,3
636,15273,2363,6,12,3273,4
637,15978,2380,5,13,2978,4
638,20931,2390,5,13,7931,4
639,25930,4417,6,23,2930,12
640,15408,2400,6,13,2408,4
641,15200,2419,5,12,3200,4
642,15784,2351,6,13,2784,4
643,14924,2373,4,12,2924,4
644,15006,2199,5,12,3006,4
645,15479,2120,4,13,2479,5
646,15238,2182,5,13,2238,4
647,15021,2242,4,12,3021,4
648,16023,2091,4,13,3023,5
649,14579,2154,4,12,2579,4
650,15323,2180,4,13,2323,5
651,15338,2235,3,13,2338,5
652,15984,2044,3,13,2984,5
653,9936,2103,3,7,2936,0
654,21366,2053,4,19,2366,11
655,15037,2147,3,12,3037,4
656,16038,2108,3,13,3038,5
657,16415,2178,4,14,2415,5
658,15677,2204,4,13,2677,5
659,14646,2128,3,12,2646,4
660,15390,2107,3,13,2390,5
661,15624,2133,3,13,2624,5
662,15375,2274,4,13,2375,5
663,15954,2152,3,13,2954,5
664,15920,2117,3,13,2920,5
665,15263,2087,4,13,2263,5
666,16026,2128,4,13,3026,5
667,15350,2044,3,13,2350,5
668,15471,2076,4,13,2471,5
669,15471,2105,3,13,2471,5
670,15323,2188,3,13,2323,5
671,15923,2101,3,13,2923,5
672,15300,2073,4,13,2300,5
673,15319,2148,3,13,2319,5
674,15900,5823,3,13,2900,2
675,15806,2077,4,13,2806,5
676,15336,2024,3,13,2336,5
677,16009,2271,4,13,3009,5
678,15315,2138,4,13,2315,5
679,17817,2085,5,14,3817,4
680,13100,2161,3,10,3100,2
681,15539,2096,3,13,2539,5
682,15639,2140,4,13,2639,5
683,15174,2074,3,13,2174,5
684,15239,2100,4,13,2239,5
685,15420,2643,3,13,2420,4
686,15492,2176,3,13,2492,5
687,22372,2154,9,18,4372,5
688,23801,2053,4,21,2801,13
689,14893,2112,4,12,2893,4
690,15069,2171,3,13,2069,4
691,15229,2070,3,13,2229,5
692,15174,2091,3,13,2174,5
693,15046,2103,4,12,3046,4
694,15064,2117,3,12,3064,5
695,15271,2040,4,13,2271,5
696,15911,2186,3,13,2911,5
697,15414,2179,5,13,2414,4
698,15611,2212,4,13,2611,5
699,15711,2158,3,13,2711,5
700,15481,2248,3,13,2481,5
701,15043,2101,3,13,2043,5
702,15861,2113,6,13,2861,4
703,15503,2154,5,13,2503,5
704,9902,2197,3,7,2902,0
705,21117,2029,4,19,2117,11
706,15059,2038,3,12,3059,5
707,14964,2055,4,12,2964,5
708,15097,2148,3,13,2097,5
709,15404,2146,4,13,2404,5
710,14794,2164,3,12,2794,4
711,15023,2063,3,12,3023,5
712,15388,2094,3,13,2388,5
713,15294,2023,3,13,2294,5
714,15932,2096,3,13,2932,5
715,15689,2079,4,13,2689,5
716,15598,2054,4,13,2598,5
717,15144,2072,3,13,2144,5
718,14830,2152,3,12,2830,4
719,15670,2082,4,13,2670,5
720,15961,2208,3,13,2961,5
721,14819,2362,4,12,2819,4
722,15750,2118,3,13,2750,5
723,15583,2051,3,13,2583,5
724,15913,2098,3,13,2913,5
725,14909,2102,3,12,2909,4
726,15181,2099,3,13,2181,5
727,15474,2105,3,13,2474,5
728,14987,2047,3,12,2987,5
729,15692,2027,3,13,2692,5
730,15567,2081,3,13,2567,5
731,15476,2124,3,13,2476,5
732,15600,2020,4,13,2600,5
733,15456,2175,3,13,2456,5
734,14724,2022,3,12,2724,5
735,15628,2164,3,13,2628,5
736,15918,2112,3,13,2918,6
737,19883,2070,4,13,6883,5
738,26512,3837,4,24,2512,14
739,15383,2113,4,13,2383,5
740,15755,2067,3,13,2755,5
741,15402,2172,4,13,2402,5
742,15957,2185,3,13,2957,5
743,14992,2077,3,12,2992,4
744,15160,2174,3,13,2160,4
745,15415,2199,4,13,2415,5
746,14908,2141,3,12,2908,4
747,16139,2166,4,14,2139,5
748,16096,2118,4,13,3096,5
749,15090,2087,4,13,2090,4
750,15255,2179,4,13,2255,5
751,9942,2090,3,7,2942,0
752,9979,2118,3,7,2979,0
753,10806,2041,4,8,2806,0
754,14984,2100,3,12,2984,4
755,15246,2113,4,13,2246,5
756,15311,2131,3,13,2311,5
757,16052,2074,4,13,3052,5
758,15112,2173,4,12,3112,4
759,15837,2190,3,13,2837,5
760,16114,2156,3,13,3114,5
761,15958,2099,3,13,2958,5
762,15969,2106,3,13,2969,5
763,14726,2131,4,12,2726,4
764,16072,2144,3,13,3072,5
765,15592,2240,3,13,2592,5
766,16062,2062,4,13,3062,6
767,15881,2138,4,13,2881,5
768,14743,2245,4,12,2743,4
769,14723,2111,4,12,2723,4
770,15796,2114,4,13,2796,5
771,15256,2145,5,13,2256,4
772,15552,2274,5,13,2552,5
773,15120,2165,4,12,3120,4
774,15548,2114,4,13,2548,5
775,15903,2151,3,13,2903,5
776,14888,2164,4,12,2888,4
777,15111,2183,4,12,3111,4
778,15303,2171,3,13,2303,5
779,16293,2125,5,14,2293,5
780,16168,2112,5,13,3168,5
781,15248,2393,5,13,2248,4
782,15045,2107,4,12,3045,4
783,15820,2104,6,13,2820,5
784,16265,2096,6,14,2265,5
785,15169,2246,6,12,3169,4
786,32076,2246,14,29,3076,12
787,14138,2297,5,11,3138,3
788,15953,2192,4,13,2953,5
789,14519,2321,4,12,2519,4
790,16380,2080,5,14,2380,5
791,15426,2153,4,13,2426,5
792,14820,2199,4,12,2820,4
793,15729,2127,4,13,2729,5
794,14912,2254,4,12,2912,4
795,14948,2121,6,12,2948,4
796,14812,2216,4,12,2812,4
797,15276,2110,4,13,2276,5
798,14988,2232,4,12,2988,4
799,15521,2158,4,13,2521,5
800,14722,2156,4,12,2722,4
801,15458,2104,4,13,2458,5
802,15056,2190,5,12,3056,4
803,16057,2212,4,13,3057,5
804,14945,2267,3,12,2945,4
805,15582,2235,5,13,2582,5
806,15863,2153,5,13,2863,5
807,15003,2151,3,12,3003,4
808,15900,2365,3,13,2900,5
809,15127,2084,5,13,2127,5
810,15426,2106,3,13,2426,5
811,16170,2302,5,13,3170,5
812,15138,2239,5,12,3138,4
813,15078,2054,4,12,3078,4
814,15772,2153,3,13,2772,5
815,14913,2234,4,12,2913,4
816,15164,2243,4,13,2164,4
817,15468,2179,3,13,2468,5
818,14921,2141,4,12,2921,4
819,14995,2192,4,12,2995,4
820,15888,2144,5,13,2888,5
821,15335,2171,4,13,2335,5
822,15669,2148,4,13,2669,5
823,15233,2144,4,13,2233,5
824,15141,2186,4,13,2141,4
825,15415,2098,3,13,2415,5
826,15536,2136,4,13,2536,5
827,15609,2206,4,13,2609,5
828,15533,2090,4,13,2533,5
829,15354,2117,4,13,2354,5
830,16225,2141,4,14,2225,5
831,15948,2198,3,13,2948,5
832,15346,2260,4,13,2346,5
833,16040,2239,4,13,3040,5
834,16003,2125,3,13,3003,5
835,31445,9758,6,29,2445,11
836,15564,2288,3,13,2564,5
837,15523,2546,4,13,2523,4
838,15422,2280,4,13,2422,5
839,15084,2182,4,12,3084,4
840,15876,2125,4,13,2876,5
841,14719,2219,4,12,2719,4
842,15635,2234,4,13,2635,5
843,15255,2209,4,13,2255,4
844,14859,2214,3,12,2859,4
845,16167,2189,5,13,3167,5
846,15517,2198,4,13,2517,5
847,15805,2182,5,13,2805,5
848,15104,2196,6,12,3104,4
849,14724,2229,4,12,2724,4
850,15594,2186,5,13,2594,5
851,15009,2247,5,12,3009,4
852,15475,2437,5,13,2475,4
853,17038,2166,5,14,3038,5
854,14747,2690,6,12,2747,3
855,15182,2210,4,12,3182,4
856,15663,2220,6,13,2663,5
857,15257,2168,5,12,3257,4
858,14706,2226,5,12,2706,4
859,16109,2262,5,13,3109,5
860,14979,2194,5,12,2979,4
861,16070,2272,4,13,3070,5
862,15974,2175,5,13,2974,5
863,15884,2208,4,13,2884,5
864,15125,2300,5,12,3125,4
865,15503,2165,5,13,2503,5
866,14937,2325,6,12,2937,4
867,15712,2338,5,13,2712,5
868,14914,2255,5,12,2914,4
869,15798,2181,5,13,2798,5
870,16004,2204,5,13,3004,5
871,14991,2219,6,12,2991,4
872,15877,2228,6,13,2877,5
873,15121,2251,5,12,3121,4
874,16053,2144,5,13,3053,5
875,15222,2375,6,13,2222,4
876,15461,2302,5,13,2461,4
877,14870,2185,5,12,2870,4
878,15054,2278,5,12,3054,4
879,16365,2283,5,14,2365,5
880,15384,2253,5,13,2384,4
881,15262,2284,6,13,2262,4
882,15965,2210,5,13,2965,5
883,14700,2196,6,12,2700,4
884,32156,2275,13,29,3156,13
885,13332,2230,6,11,2332,2
886,15927,2155,5,13,2927,5
887,15574,2315,6,13,2574,4
888,15666,2241,6,13,2666,5
889,15648,2216,5,13,2648,5
890,15575,2226,6,13,2575,4
891,15446,2150,5,13,2446,4
892,15916,2234,6,13,2916,5
893,15256,2252,6,12,3256,4
894,15856,2328,6,13,2856,5
895,15212,2286,5,13,2212,4
896,16065,2174,6,13,3065,5
897,15906,2245,6,13,2906,5
898,14635,2346,5,12,2635,3
899,15104,2191,6,12,3104,4
900,15502,2194,6,13,2502,4
901,16025,2271,3,13,3025,5
902,15670,2262,5,13,2670,4
903,15063,2229,6,12,3063,4
904,15484,2317,5,13,2484,4
905,15959,2152,6,13,2959,5
906,15790,2190,5,13,2790,5
907,15638,2208,5,13,2638,4
908,15053,2212,5,12,3053,4
909,15297,2144,5,13,2297,4
910,16171,2327,5,13,3171,5
911,14824,2199,4,12,2824,4
912,15675,2190,5,13,2675,5
913,15440,2211,5,13,2440,4
914,15186,2227,6,12,3186,4
915,16065,2252,5,13,3065,5
916,15396,2194,6,13,2396,4
917,15320,2377,6,13,2320,4
918,15859,2215,6,13,2859,5
919,16026,2303,5,13,3026,5
920,16044,2229,6,13,3044,5
921,15769,2215,5,13,2769,5
922,15479,2181,5,13,2479,4
923,15288,2273,6,13,2288,4
924,15011,2217,6,12,3011,4
925,15241,2297,6,13,2241,4
926,15716,2227,6,13,2716,5
927,16021,2290,5,13,3021,5
928,14922,2265,6,12,2922,4
929,16073,2144,6,13,3073,5
930,15479,2263,6,13,2479,4
931,15666,2251,6,13,2666,4
932,15455,2267,6,13,2455,4
933,31360,2230,11,29,2360,13
934,15937,2512,6,13,2937,4
935,15226,2455,6,12,3226,3
936,15588,2245,6,13,2588,4
937,15974,2465,6,13,2974,4
938,15243,2307,6,12,3243,4
939,16581,2349,7,14,2581,4
940,15062,2266,6,12,3062,3
941,15887,2318,6,13,2887,4
942,15426,2316,6,13,2426,4
943,15176,2343,6,12,3176,4
944,15589,2341,6,13,2589,4
945,15757,2387,6,13,2757,4
946,15471,2379,6,13,2471,4
947,15664,2419,6,13,2664,4
948,15315,2405,6,12,3315,4
949,19002,2375,6,13,6002,4
950,27149,2328,6,24,3149,15
951,16080,2336,6,13,3080,4
952,15512,2380,6,13,2512,4
953,15149,2365,6,12,3149,4
954,15040,2321,6,12,3040,3
955,14951,2350,6,12,2951,3
956,15420,2335,5,13,2420,4
957,15788,2373,6,13,2788,4
958,15995,2327,6,13,2995,4
959,15638,2320,6,13,2638,4
960,14983,2348,6,12,2983,3
961,15238,2274,6,12,3238,4
962,15175,2255,6,12,3175,4
963,15416,2325,6,13,2416,4
964,15433,2325,6,13,2433,4
965,15727,2254,6,13,2727,4
966,15885,3373,6,13,2885,3
967,15171,2336,6,12,3171,3
968,14780,2282,6,12,2780,3
969,15423,2403,6,13,2423,4
970,15569,2353,5,13,2569,4
971,15232,2394,6,13,2232,4
972,15800,2251,6,13,2800,4
973,14799,2169,6,12,2799,4
974,15388,2325,6,13,2388,3
975,14720,2392,6,12,2720,3
976,15321,2323,6,13,2321,3
977,11335,2420,6,8,3335,0
978,20482,2426,6,18,2482,9
979,15881,2324,5,13,2881,5
980,16121,2326,6,13,3121,4
981,16231,2354,6,13,3231,4
982,30284,2583,14,27,3284,9
983,14981,2521,5,12,2981,4
984,16066,2184,5,13,3066,5
985,10502,2201,4,8,2502,0
986,19030,2312,6,16,3030,8
987,15442,2345,6,13,2442,4
988,15738,2459,5,13,2738,4
989,15659,2222,6,13,2659,5
990,15258,2302,5,12,3258,4
991,15923,2218,6,13,2923,5
992,15474,2306,6,13,2474,4
993,15263,2088,5,13,2263,4
994,63090,2183,42,60,3090,15
995,46221,2336,36,43,3221,4
996,46234,2309,36,44,2234,4
997,46488,2272,4,12,34488,4
998,45491,2409,6,12,33491,3
999,46454,2446,6,13,33454,4
