experiment,index,elapsed_us,admission_us,phase,acceptance
warm,0,10397,2235,completed,unchecked
warm,1,10083,2158,completed,unchecked
warm,2,10277,2310,completed,unchecked
warm,3,10514,2426,completed,unchecked
warm,4,10112,2111,completed,unchecked
warm,5,13754,2309,completed,unchecked
warm,6,10357,2132,completed,unchecked
warm,7,10421,2131,completed,unchecked
warm,8,10056,2084,completed,unchecked
warm,9,9970,2081,completed,unchecked
warm,10,9966,2139,completed,unchecked
warm,11,11695,3130,completed,unchecked
warm,12,10423,2185,completed,unchecked
warm,13,10288,2252,completed,unchecked
warm,14,10415,2181,completed,unchecked
warm,15,10219,2238,completed,unchecked
warm,16,10209,2028,completed,unchecked
warm,17,10300,2148,completed,unchecked
warm,18,10310,2280,completed,unchecked
warm,19,10236,2281,completed,unchecked
warm,20,10455,2183,completed,unchecked
warm,21,10449,2249,completed,unchecked
warm,22,11196,2174,completed,unchecked
warm,23,10190,2235,completed,unchecked
warm,24,10380,2114,completed,unchecked
warm,25,10501,2409,completed,unchecked
warm,26,10211,2291,completed,unchecked
warm,27,10194,2164,completed,unchecked
warm,28,10309,2137,completed,unchecked
warm,29,10009,2079,completed,unchecked
warm,30,11269,2068,completed,unchecked
warm,31,10432,2102,completed,unchecked
warm,32,10368,2245,completed,unchecked
warm,33,11084,2603,completed,unchecked
warm,34,14699,2328,completed,unchecked
warm,35,10190,2153,completed,unchecked
warm,36,9948,2097,completed,unchecked
warm,37,10327,2091,completed,unchecked
warm,38,10232,2330,completed,unchecked
warm,39,10228,2205,completed,unchecked
warm,40,10259,2162,completed,unchecked
warm,41,10197,2257,completed,unchecked
warm,42,10481,2337,completed,unchecked
warm,43,10345,2160,completed,unchecked
warm,44,10397,2242,completed,unchecked
warm,45,10179,2220,completed,unchecked
warm,46,10357,2144,completed,unchecked
warm,47,10076,2059,completed,unchecked
warm,48,10036,2109,completed,unchecked
warm,49,12379,2093,completed,unchecked
warm,50,11565,3685,completed,unchecked
warm,51,10115,2169,completed,unchecked
warm,52,10166,2106,completed,unchecked
warm,53,10018,2175,completed,unchecked
warm,54,10042,2070,completed,unchecked
warm,55,10115,2150,completed,unchecked
warm,56,10203,2139,completed,unchecked
warm,57,10091,2089,completed,unchecked
warm,58,10098,2166,completed,unchecked
warm,59,10549,2359,completed,unchecked
warm,60,10015,2217,completed,unchecked
warm,61,10291,2227,completed,unchecked
warm,62,9908,2097,completed,unchecked
warm,63,10841,2152,completed,unchecked
warm,64,10255,2191,completed,unchecked
warm,65,9934,2161,completed,unchecked
warm,66,10651,2230,completed,unchecked
warm,67,10507,2276,completed,unchecked
warm,68,10220,2242,completed,unchecked
warm,69,10400,2218,completed,unchecked
warm,70,10668,2363,completed,unchecked
warm,71,10529,2145,completed,unchecked
warm,72,10607,2291,completed,unchecked
warm,73,10451,2227,completed,unchecked
warm,74,10434,2280,completed,unchecked
warm,75,11158,2195,completed,unchecked
warm,76,10844,2402,completed,unchecked
warm,77,10399,2109,completed,unchecked
warm,78,12962,2257,completed,unchecked
warm,79,10489,2249,completed,unchecked
warm,80,10379,2247,completed,unchecked
warm,81,10745,2236,completed,unchecked
warm,82,10663,2174,completed,unchecked
warm,83,10486,2259,completed,unchecked
warm,84,10469,2337,completed,unchecked
warm,85,10483,2158,completed,unchecked
warm,86,18814,8556,completed,unchecked
warm,87,10474,2128,completed,unchecked
warm,88,10452,2339,completed,unchecked
warm,89,12494,2580,completed,unchecked
warm,90,10620,2342,completed,unchecked
warm,91,10716,2217,completed,unchecked
warm,92,10488,2266,completed,unchecked
warm,93,10461,2149,completed,unchecked
warm,94,10403,2252,completed,unchecked
warm,95,10258,2161,completed,unchecked
warm,96,10019,2137,completed,unchecked
warm,97,10174,2131,completed,unchecked
warm,98,10222,2226,completed,unchecked
warm,99,10186,2138,completed,unchecked
warm,100,10329,2179,completed,unchecked
warm,101,9925,2151,completed,unchecked
warm,102,9948,2054,completed,unchecked
warm,103,9863,2192,completed,unchecked
warm,104,9891,2137,completed,unchecked
warm,105,10015,2134,completed,unchecked
warm,106,11240,2168,completed,unchecked
warm,107,9701,2044,completed,unchecked
warm,108,9850,2032,completed,unchecked
warm,109,9860,2063,completed,unchecked
warm,110,9977,2157,completed,unchecked
warm,111,10114,2092,completed,unchecked
warm,112,9957,2136,completed,unchecked
warm,113,11573,2260,completed,unchecked
warm,114,10412,2304,completed,unchecked
warm,115,10012,2104,completed,unchecked
warm,116,10282,2383,completed,unchecked
warm,117,10077,2129,completed,unchecked
warm,118,9913,2084,completed,unchecked
warm,119,10067,2183,completed,unchecked
warm,120,10066,2051,completed,unchecked
warm,121,10251,2164,completed,unchecked
warm,122,10112,2140,completed,unchecked
warm,123,10238,2149,completed,unchecked
warm,124,10060,2150,completed,unchecked
warm,125,10202,2202,completed,unchecked
warm,126,10347,2175,completed,unchecked
warm,127,10254,2167,completed,unchecked
warm,128,10141,2178,completed,unchecked
warm,129,10180,2130,completed,unchecked
warm,130,10009,2176,completed,unchecked
warm,131,10333,2165,completed,unchecked
warm,132,10162,2139,completed,unchecked
warm,133,10003,2168,completed,unchecked
warm,134,10192,2133,completed,unchecked
warm,135,14735,6503,completed,unchecked
warm,136,10089,2070,completed,unchecked
warm,137,9986,2136,completed,unchecked
warm,138,14781,5202,completed,unchecked
warm,139,10043,2162,completed,unchecked
warm,140,10116,2166,completed,unchecked
warm,141,9947,2100,completed,unchecked
warm,142,9975,2195,completed,unchecked
warm,143,10296,2207,completed,unchecked
warm,144,10169,2119,completed,unchecked
warm,145,9981,2065,completed,unchecked
warm,146,9992,2143,completed,unchecked
warm,147,10119,2068,completed,unchecked
warm,148,10029,2143,completed,unchecked
warm,149,10065,2166,completed,unchecked
warm,150,9908,2075,completed,unchecked
warm,151,10084,2197,completed,unchecked
warm,152,10125,2157,completed,unchecked
warm,153,10140,2127,completed,unchecked
warm,154,10038,2152,completed,unchecked
warm,155,10016,2169,completed,unchecked
warm,156,10042,2137,completed,unchecked
warm,157,10081,2155,completed,unchecked
warm,158,10125,2095,completed,unchecked
warm,159,9745,2086,completed,unchecked
warm,160,10472,2431,completed,unchecked
warm,161,11029,2161,completed,unchecked
warm,162,10020,2129,completed,unchecked
warm,163,10054,2185,completed,unchecked
warm,164,9924,2125,completed,unchecked
warm,165,9899,2027,completed,unchecked
warm,166,10617,2072,completed,unchecked
warm,167,10962,2420,completed,unchecked
warm,168,10764,2339,completed,unchecked
warm,169,17343,6356,completed,unchecked
warm,170,11168,2527,completed,unchecked
warm,171,10875,2300,completed,unchecked
warm,172,11985,2519,completed,unchecked
warm,173,11506,2611,completed,unchecked
warm,174,10924,2436,completed,unchecked
warm,175,11691,2510,completed,unchecked
warm,176,11195,2378,completed,unchecked
warm,177,11134,2325,completed,unchecked
warm,178,11105,2401,completed,unchecked
warm,179,10887,2337,completed,unchecked
warm,180,10857,2366,completed,unchecked
warm,181,11114,2347,completed,unchecked
warm,182,11142,2279,completed,unchecked
warm,183,11327,2318,completed,unchecked
warm,184,11119,2311,completed,unchecked
warm,185,10847,2390,completed,unchecked
warm,186,10750,2306,completed,unchecked
warm,187,11166,2379,completed,unchecked
warm,188,14180,2320,completed,unchecked
warm,189,13165,4288,completed,unchecked
warm,190,11154,2408,completed,unchecked
warm,191,11194,2427,completed,unchecked
warm,192,11031,2386,completed,unchecked
warm,193,11044,2328,completed,unchecked
warm,194,10992,2356,completed,unchecked
warm,195,10978,2278,completed,unchecked
warm,196,10643,2283,completed,unchecked
warm,197,10839,2312,completed,unchecked
warm,198,10839,2263,completed,unchecked
warm,199,10576,2238,completed,unchecked
warm,200,10802,2176,completed,unchecked
warm,201,10962,2371,completed,unchecked
warm,202,10975,2207,completed,unchecked
warm,203,10832,2171,completed,unchecked
warm,204,10684,2211,completed,unchecked
warm,205,10745,2268,completed,unchecked
warm,206,10636,2240,completed,unchecked
warm,207,10911,2239,completed,unchecked
warm,208,10931,2291,completed,unchecked
warm,209,10860,2342,completed,unchecked
warm,210,10827,2317,completed,unchecked
warm,211,10530,2290,completed,unchecked
warm,212,10924,2333,completed,unchecked
warm,213,10667,2282,completed,unchecked
warm,214,10754,2389,completed,unchecked
warm,215,10417,2215,completed,unchecked
warm,216,10499,2190,completed,unchecked
warm,217,10368,2170,completed,unchecked
warm,218,10324,2201,completed,unchecked
warm,219,10542,2242,completed,unchecked
warm,220,10495,2222,completed,unchecked
warm,221,10578,2265,completed,unchecked
warm,222,10399,2251,completed,unchecked
warm,223,10511,2213,completed,unchecked
warm,224,10317,2193,completed,unchecked
warm,225,10506,2191,completed,unchecked
warm,226,9981,2290,completed,unchecked
warm,227,14759,2204,completed,unchecked
warm,228,10382,2275,completed,unchecked
warm,229,10352,2144,completed,unchecked
warm,230,10402,2226,completed,unchecked
warm,231,10369,2326,completed,unchecked
warm,232,10360,2308,completed,unchecked
warm,233,10292,2149,completed,unchecked
warm,234,10273,2116,completed,unchecked
warm,235,10484,2173,completed,unchecked
warm,236,10388,2249,completed,unchecked
warm,237,10474,2225,completed,unchecked
warm,238,18331,2169,completed,unchecked
warm,239,10231,2098,completed,unchecked
warm,240,10746,2210,completed,unchecked
warm,241,10137,2103,completed,unchecked
warm,242,10450,2191,completed,unchecked
warm,243,10342,2158,completed,unchecked
warm,244,10184,2143,completed,unchecked
warm,245,10539,2198,completed,unchecked
warm,246,10361,2191,completed,unchecked
warm,247,10498,2189,completed,unchecked
warm,248,10711,2303,completed,unchecked
warm,249,10578,2293,completed,unchecked
warm,250,10715,2330,completed,unchecked
warm,251,10629,2241,completed,unchecked
warm,252,10565,2211,completed,unchecked
warm,253,10490,2240,completed,unchecked
warm,254,10431,2212,completed,unchecked
warm,255,10381,2196,completed,unchecked
warm,256,10586,2297,completed,unchecked
warm,257,10458,2198,completed,unchecked
warm,258,10477,2221,completed,unchecked
warm,259,10559,2198,completed,unchecked
warm,260,12638,4174,completed,unchecked
warm,261,10751,2397,completed,unchecked
warm,262,10622,2287,completed,unchecked
warm,263,10513,2281,completed,unchecked
warm,264,10600,2172,completed,unchecked
warm,265,10536,2200,completed,unchecked
warm,266,10535,2254,completed,unchecked
warm,267,10553,2244,completed,unchecked
warm,268,10601,2238,completed,unchecked
warm,269,10522,2329,completed,unchecked
warm,270,10440,2214,completed,unchecked
warm,271,10282,2181,completed,unchecked
warm,272,10654,2248,completed,unchecked
warm,273,10425,2271,completed,unchecked
warm,274,10438,2274,completed,unchecked
warm,275,10376,2156,completed,unchecked
warm,276,10719,2467,completed,unchecked
warm,277,10636,2229,completed,unchecked
warm,278,10484,2256,completed,unchecked
warm,279,10713,2218,completed,unchecked
warm,280,10607,2217,completed,unchecked
warm,281,10542,2263,completed,unchecked
warm,282,10509,2218,completed,unchecked
warm,283,10584,2303,completed,unchecked
warm,284,10482,2232,completed,unchecked
warm,285,10282,2168,completed,unchecked
warm,286,10604,2257,completed,unchecked
warm,287,10482,2215,completed,unchecked
warm,288,16408,6600,completed,unchecked
warm,289,10495,2276,completed,unchecked
warm,290,10487,2150,completed,unchecked
warm,291,10577,2166,completed,unchecked
warm,292,10535,2240,completed,unchecked
warm,293,10241,2107,completed,unchecked
warm,294,10308,2248,completed,unchecked
warm,295,10478,2241,completed,unchecked
warm,296,10691,2151,completed,unchecked
warm,297,12236,2347,completed,unchecked
warm,298,10718,2159,completed,unchecked
warm,299,10540,2236,completed,unchecked
warm,300,10606,2206,completed,unchecked
warm,301,10533,2319,completed,unchecked
warm,302,10378,2232,completed,unchecked
warm,303,10509,2148,completed,unchecked
warm,304,10166,2172,completed,unchecked
warm,305,10402,2170,completed,unchecked
warm,306,10444,2131,completed,unchecked
warm,307,10362,2217,completed,unchecked
warm,308,10253,2167,completed,unchecked
warm,309,10352,2274,completed,unchecked
warm,310,10156,2140,completed,unchecked
warm,311,9897,2104,completed,unchecked
warm,312,10279,2167,completed,unchecked
warm,313,10364,2201,completed,unchecked
warm,314,10220,2180,completed,unchecked
warm,315,10177,2161,completed,unchecked
warm,316,10293,2156,completed,unchecked
warm,317,10193,2102,completed,unchecked
warm,318,10332,2171,completed,unchecked
warm,319,10366,2207,completed,unchecked
warm,320,10184,2192,completed,unchecked
warm,321,10241,2256,completed,unchecked
warm,322,10112,2115,completed,unchecked
warm,323,10044,2139,completed,unchecked
warm,324,10235,2242,completed,unchecked
warm,325,10176,2193,completed,unchecked
warm,326,10082,2190,completed,unchecked
warm,327,10030,2195,completed,unchecked
warm,328,10109,2100,completed,unchecked
warm,329,9938,2070,completed,unchecked
warm,330,10127,2211,completed,unchecked
warm,331,10209,2195,completed,unchecked
warm,332,10239,2206,completed,unchecked
warm,333,10198,2184,completed,unchecked
warm,334,10313,2182,completed,unchecked
warm,335,10224,2169,completed,unchecked
warm,336,10330,2176,completed,unchecked
warm,337,15865,5956,completed,unchecked
warm,338,10690,2308,completed,unchecked
warm,339,12004,2199,completed,unchecked
warm,340,10302,2130,completed,unchecked
warm,341,10060,2135,completed,unchecked
warm,342,10202,2148,completed,unchecked
warm,343,10031,2073,completed,unchecked
warm,344,10332,2197,completed,unchecked
warm,345,10003,2143,completed,unchecked
warm,346,10305,2089,completed,unchecked
warm,347,10157,2082,completed,unchecked
warm,348,10323,2237,completed,unchecked
warm,349,10048,2067,completed,unchecked
warm,350,10302,2206,completed,unchecked
warm,351,10172,2179,completed,unchecked
warm,352,10111,2073,completed,unchecked
warm,353,9918,2125,completed,unchecked
warm,354,10079,2180,completed,unchecked
warm,355,9904,2095,completed,unchecked
warm,356,10148,2172,completed,unchecked
warm,357,10114,2140,completed,unchecked
warm,358,10265,2210,completed,unchecked
warm,359,10034,2086,completed,unchecked
warm,360,10062,2185,completed,unchecked
warm,361,10276,2145,completed,unchecked
warm,362,10119,2138,completed,unchecked
warm,363,10177,2190,completed,unchecked
warm,364,10120,2170,completed,unchecked
warm,365,10257,2133,completed,unchecked
warm,366,10207,2186,completed,unchecked
warm,367,10431,2217,completed,unchecked
warm,368,10278,2060,completed,unchecked
warm,369,10376,2195,completed,unchecked
warm,370,10328,2215,completed,unchecked
warm,371,10477,2238,completed,unchecked
warm,372,10108,2107,completed,unchecked
warm,373,11794,2126,completed,unchecked
warm,374,10338,2214,completed,unchecked
warm,375,10381,2272,completed,unchecked
warm,376,10667,2226,completed,unchecked
warm,377,10694,2195,completed,unchecked
warm,378,10517,2251,completed,unchecked
warm,379,10478,2332,completed,unchecked
warm,380,10685,2214,completed,unchecked
warm,381,10370,2245,completed,unchecked
warm,382,11186,2141,completed,unchecked
warm,383,10882,2255,completed,unchecked
warm,384,11169,2387,completed,unchecked
warm,385,16746,6273,completed,unchecked
warm,386,11279,2450,completed,unchecked
warm,387,11136,2323,completed,unchecked
warm,388,12304,2447,completed,unchecked
warm,389,11171,2343,completed,unchecked
warm,390,11112,2375,completed,unchecked
warm,391,10990,2276,completed,unchecked
warm,392,11223,2377,completed,unchecked
warm,393,10941,2285,completed,unchecked
warm,394,11091,2390,completed,unchecked
warm,395,10942,2403,completed,unchecked
warm,396,11155,2384,completed,unchecked
warm,397,10837,2398,completed,unchecked
warm,398,11172,2346,completed,unchecked
warm,399,10958,2323,completed,unchecked
warm,400,11151,2335,completed,unchecked
warm,401,11030,2351,completed,unchecked
warm,402,10995,2338,completed,unchecked
warm,403,10885,2315,completed,unchecked
warm,404,11188,2338,completed,unchecked
warm,405,11019,2430,completed,unchecked
warm,406,10959,2299,completed,unchecked
warm,407,11144,2362,completed,unchecked
warm,408,10832,2383,completed,unchecked
warm,409,12069,2293,completed,unchecked
warm,410,11047,2357,completed,unchecked
warm,411,10918,2280,completed,unchecked
warm,412,10879,2355,completed,unchecked
warm,413,10789,2316,completed,unchecked
warm,414,10744,2196,completed,unchecked
warm,415,10439,2167,completed,unchecked
warm,416,10510,2176,completed,unchecked
warm,417,10670,2314,completed,unchecked
warm,418,10647,2211,completed,unchecked
warm,419,10879,2364,completed,unchecked
warm,420,10521,2197,completed,unchecked
warm,421,10482,2284,completed,unchecked
warm,422,10458,2138,completed,unchecked
warm,423,10661,2155,completed,unchecked
warm,424,10594,2212,completed,unchecked
warm,425,11128,2570,completed,unchecked
warm,426,10885,2327,completed,unchecked
warm,427,10650,2262,completed,unchecked
warm,428,10613,2228,completed,unchecked
warm,429,10774,2173,completed,unchecked
warm,430,10836,2340,completed,unchecked
warm,431,10793,2304,completed,unchecked
warm,432,10650,2264,completed,unchecked
warm,433,10587,2274,completed,unchecked
warm,434,11063,2238,completed,unchecked
warm,435,14966,2280,completed,unchecked
warm,436,12688,4181,completed,unchecked
warm,437,10657,2232,completed,unchecked
warm,438,10963,2334,completed,unchecked
warm,439,10655,2357,completed,unchecked
warm,440,10738,2218,completed,unchecked
warm,441,10509,2338,completed,unchecked
warm,442,10478,2245,completed,unchecked
warm,443,46710,2271,completed,unchecked
warm,444,41572,2393,completed,unchecked
warm,445,10730,2319,completed,unchecked
warm,446,41508,33001,completed,unchecked
warm,447,41972,33628,completed,unchecked
warm,448,41764,33096,completed,unchecked
warm,449,41937,33156,completed,unchecked
warm,450,42094,2305,completed,unchecked
warm,451,43128,2697,completed,unchecked
warm,452,74334,33747,completed,unchecked
warm,453,42846,2457,completed,unchecked
warm,454,74129,33718,completed,unchecked
warm,455,43314,2629,completed,unchecked
warm,456,74411,2502,completed,unchecked
warm,457,43054,2640,completed,unchecked
warm,458,43254,2790,completed,unchecked
warm,459,75601,2460,completed,unchecked
warm,460,43369,2694,completed,unchecked
warm,461,43063,33865,completed,unchecked
warm,462,74003,33732,completed,unchecked
warm,463,73750,2246,completed,unchecked
warm,464,43422,2535,completed,unchecked
warm,465,70209,2504,completed,unchecked
warm,466,30263,2784,completed,unchecked
warm,467,43488,2470,completed,unchecked
warm,468,74550,33772,completed,unchecked
warm,469,74556,2598,completed,unchecked
warm,470,43309,2738,completed,unchecked
warm,471,43031,2452,completed,unchecked
warm,472,73985,33564,completed,unchecked
warm,473,42527,2233,completed,unchecked
warm,474,43099,2305,completed,unchecked
warm,475,75175,33665,completed,unchecked
warm,476,73981,2478,completed,unchecked
warm,477,43234,2617,completed,unchecked
warm,478,74720,33827,completed,unchecked
warm,479,43121,2652,completed,unchecked
warm,480,42930,2341,completed,unchecked
warm,481,74531,33766,completed,unchecked
warm,482,74484,2519,completed,unchecked
warm,483,75977,4083,completed,unchecked
warm,484,43458,2629,completed,unchecked
warm,485,113306,39113,completed,unchecked
warm,486,43433,2623,completed,unchecked
warm,487,74643,33893,completed,unchecked
warm,488,43327,2516,completed,unchecked
warm,489,56362,34541,completed,unchecked
warm,490,15869,3313,completed,unchecked
warm,491,19489,10119,completed,unchecked
warm,492,26943,8157,completed,unchecked
warm,493,45481,3328,completed,unchecked
warm,494,22577,2500,completed,unchecked
warm,495,28191,2623,completed,unchecked
warm,496,22919,4900,completed,unchecked
warm,497,15544,3774,completed,unchecked
warm,498,20728,2379,completed,unchecked
warm,499,19961,2338,completed,unchecked
warm,500,18916,2524,completed,unchecked
warm,501,12932,2684,completed,unchecked
warm,502,53421,18231,completed,unchecked
warm,503,16565,2448,completed,unchecked
warm,504,16442,6463,completed,unchecked
warm,505,14959,2413,completed,unchecked
warm,506,17213,4856,completed,unchecked
warm,507,16087,2376,completed,unchecked
warm,508,15022,3194,completed,unchecked
warm,509,16503,4358,completed,unchecked
warm,510,14319,2702,completed,unchecked
warm,511,20505,11808,completed,unchecked
warm,512,15463,3881,completed,unchecked
warm,513,22564,2447,completed,unchecked
warm,514,12337,2392,completed,unchecked
warm,515,20584,2676,completed,unchecked
warm,516,16153,2359,completed,unchecked
warm,517,17520,3682,completed,unchecked
warm,518,17057,2664,completed,unchecked
warm,519,15332,2460,completed,unchecked
warm,520,17473,2425,completed,unchecked
warm,521,29974,13022,completed,unchecked
warm,522,12941,2661,completed,unchecked
warm,523,19015,6634,completed,unchecked
warm,524,14564,2464,completed,unchecked
warm,525,44521,4285,completed,unchecked
warm,526,42665,2312,completed,unchecked
warm,527,74163,33885,completed,unchecked
warm,528,43163,2528,completed,unchecked
warm,529,73506,33546,completed,unchecked
warm,530,42522,2513,completed,unchecked
warm,531,42758,2545,completed,unchecked
warm,532,74484,33965,completed,unchecked
warm,533,42730,2539,completed,unchecked
warm,534,42812,33600,completed,unchecked
warm,535,73841,33660,completed,unchecked
warm,536,18805,3050,completed,unchecked
warm,537,10819,2267,completed,unchecked
warm,538,11001,2260,completed,unchecked
warm,539,10892,2315,completed,unchecked
warm,540,10862,2251,completed,unchecked
warm,541,10981,2363,completed,unchecked
warm,542,10711,2319,completed,unchecked
warm,543,10990,2370,completed,unchecked
warm,544,10851,2242,completed,unchecked
warm,545,10859,2263,completed,unchecked
warm,546,11115,2452,completed,unchecked
warm,547,10927,2337,completed,unchecked
warm,548,11902,2351,completed,unchecked
warm,549,10925,2351,completed,unchecked
warm,550,10792,2351,completed,unchecked
warm,551,11097,2339,completed,unchecked
warm,552,10918,2313,completed,unchecked
warm,553,10787,2248,completed,unchecked
warm,554,10970,2285,completed,unchecked
warm,555,10744,2295,completed,unchecked
warm,556,10941,2235,completed,unchecked
warm,557,11081,2478,completed,unchecked
warm,558,10944,2406,completed,unchecked
warm,559,10924,2336,completed,unchecked
warm,560,10669,2216,completed,unchecked
warm,561,10926,2320,completed,unchecked
warm,562,10812,2251,completed,unchecked
warm,563,10905,2347,completed,unchecked
warm,564,10913,2264,completed,unchecked
warm,565,10948,2318,completed,unchecked
warm,566,11203,2294,completed,unchecked
warm,567,10882,2412,completed,unchecked
warm,568,11114,2323,completed,unchecked
warm,569,10829,2296,completed,unchecked
warm,570,10796,2218,completed,unchecked
warm,571,10764,2275,completed,unchecked
warm,572,10783,2233,completed,unchecked
warm,573,10816,2428,completed,unchecked
warm,574,10857,2318,completed,unchecked
warm,575,10703,2272,completed,unchecked
warm,576,10825,2295,completed,unchecked
warm,577,10753,2267,completed,unchecked
warm,578,10786,2302,completed,unchecked
warm,579,11037,2351,completed,unchecked
warm,580,10787,2338,completed,unchecked
warm,581,10856,2314,completed,unchecked
warm,582,11071,2363,completed,unchecked
warm,583,11090,2380,completed,unchecked
warm,584,17872,6967,completed,unchecked
warm,585,11211,2387,completed,unchecked
warm,586,11121,2309,completed,unchecked
warm,587,11068,2333,completed,unchecked
warm,588,11283,2309,completed,unchecked
warm,589,11271,2381,completed,unchecked
warm,590,11431,2411,completed,unchecked
warm,591,11395,2428,completed,unchecked
warm,592,11240,2399,completed,unchecked
warm,593,11436,2343,completed,unchecked
warm,594,11263,2456,completed,unchecked
warm,595,11287,2449,completed,unchecked
warm,596,10838,2258,completed,unchecked
warm,597,11047,2271,completed,unchecked
warm,598,10930,2327,completed,unchecked
warm,599,11116,2363,completed,unchecked
warm,600,10890,2285,completed,unchecked
warm,601,10971,2254,completed,unchecked
warm,602,10868,2399,completed,unchecked
warm,603,10412,2182,completed,unchecked
warm,604,10507,2153,completed,unchecked
warm,605,11021,2324,completed,unchecked
warm,606,10673,2253,completed,unchecked
warm,607,11016,2302,completed,unchecked
warm,608,10989,2201,completed,unchecked
warm,609,10828,2311,completed,unchecked
warm,610,10804,2286,completed,unchecked
warm,611,10905,2478,completed,unchecked
warm,612,10999,2385,completed,unchecked
warm,613,10829,2216,completed,unchecked
warm,614,11016,2375,completed,unchecked
warm,615,10656,2251,completed,unchecked
warm,616,14822,4599,completed,unchecked
warm,617,10627,2190,completed,unchecked
warm,618,10523,2157,completed,unchecked
warm,619,11185,2360,completed,unchecked
warm,620,11552,2834,completed,unchecked
warm,621,10895,2394,completed,unchecked
warm,622,13148,2536,completed,unchecked
warm,623,11114,2357,completed,unchecked
warm,624,11358,2537,completed,unchecked
warm,625,10979,2406,completed,unchecked
warm,626,11277,2340,completed,unchecked
warm,627,10778,2259,completed,unchecked
warm,628,11280,2647,completed,unchecked
warm,629,11096,2367,completed,unchecked
warm,630,10645,2285,completed,unchecked
warm,631,10645,2284,completed,unchecked
warm,632,10539,2169,completed,unchecked
warm,633,10723,2395,completed,unchecked
warm,634,17930,2228,completed,unchecked
warm,635,10496,2226,completed,unchecked
warm,636,10172,2159,completed,unchecked
warm,637,10492,2193,completed,unchecked
warm,638,10804,2228,completed,unchecked
warm,639,10932,2286,completed,unchecked
warm,640,10979,2299,completed,unchecked
warm,641,11049,2345,completed,unchecked
warm,642,14610,2360,completed,unchecked
warm,643,10931,2390,completed,unchecked
warm,644,10809,2455,completed,unchecked
warm,645,10694,2259,completed,unchecked
warm,646,11131,2390,completed,unchecked
warm,647,10962,2264,completed,unchecked
warm,648,11677,2336,completed,unchecked
warm,649,10932,2335,completed,unchecked
warm,650,11155,2300,completed,unchecked
warm,651,11118,2324,completed,unchecked
warm,652,10770,2256,completed,unchecked
warm,653,10893,2360,completed,unchecked
warm,654,11107,2317,completed,unchecked
warm,655,11076,2278,completed,unchecked
warm,656,11408,2399,completed,unchecked
warm,657,10716,2314,completed,unchecked
warm,658,11146,2407,completed,unchecked
warm,659,10460,2151,completed,unchecked
warm,660,10223,2135,completed,unchecked
warm,661,9999,2176,completed,unchecked
warm,662,10040,2161,completed,unchecked
warm,663,9812,2079,completed,unchecked
warm,664,9973,2120,completed,unchecked
warm,665,10109,2176,completed,unchecked
warm,666,9886,2101,completed,unchecked
warm,667,9938,2116,completed,unchecked
warm,668,9911,2062,completed,unchecked
warm,669,10200,2194,completed,unchecked
warm,670,10083,2210,completed,unchecked
warm,671,10188,2148,completed,unchecked
warm,672,10035,2140,completed,unchecked
warm,673,10167,2229,completed,unchecked
warm,674,9874,2086,completed,unchecked
warm,675,9932,2063,completed,unchecked
warm,676,9866,2071,completed,unchecked
warm,677,9937,2137,completed,unchecked
warm,678,9868,2095,completed,unchecked
warm,679,10049,2235,completed,unchecked
warm,680,9942,2136,completed,unchecked
warm,681,9756,2044,completed,unchecked
warm,682,9779,2096,completed,unchecked
warm,683,9760,2048,completed,unchecked
warm,684,10072,2275,completed,unchecked
warm,685,9989,2130,completed,unchecked
warm,686,9889,2046,completed,unchecked
warm,687,9881,2147,completed,unchecked
warm,688,17356,2121,completed,unchecked
warm,689,10012,2151,completed,unchecked
warm,690,9847,2051,completed,unchecked
warm,691,9895,2190,completed,unchecked
warm,692,9887,2108,completed,unchecked
warm,693,10035,2175,completed,unchecked
warm,694,10278,2038,completed,unchecked
warm,695,9866,2061,completed,unchecked
warm,696,10048,2051,completed,unchecked
warm,697,10005,2116,completed,unchecked
warm,698,10002,2198,completed,unchecked
warm,699,10171,2253,completed,unchecked
warm,700,10328,2264,completed,unchecked
warm,701,10528,2158,completed,unchecked
warm,702,10488,2155,completed,unchecked
warm,703,10599,2225,completed,unchecked
warm,704,11013,2436,completed,unchecked
warm,705,10601,2262,completed,unchecked
warm,706,10464,2162,completed,unchecked
warm,707,10923,2280,completed,unchecked
warm,708,10820,2385,completed,unchecked
warm,709,10611,2283,completed,unchecked
warm,710,10478,2231,completed,unchecked
warm,711,10767,2406,completed,unchecked
warm,712,10686,2233,completed,unchecked
warm,713,10164,2136,completed,unchecked
warm,714,10351,2206,completed,unchecked
warm,715,10716,2189,completed,unchecked
warm,716,10467,2200,completed,unchecked
warm,717,10386,2221,completed,unchecked
warm,718,10474,2278,completed,unchecked
warm,719,10310,2131,completed,unchecked
warm,720,10357,2210,completed,unchecked
warm,721,10904,2265,completed,unchecked
warm,722,10510,2319,completed,unchecked
warm,723,10717,2315,completed,unchecked
warm,724,10744,2322,completed,unchecked
warm,725,10765,2369,completed,unchecked
warm,726,10663,2339,completed,unchecked
warm,727,10705,2366,completed,unchecked
warm,728,10610,2320,completed,unchecked
warm,729,10636,2295,completed,unchecked
warm,730,10693,2260,completed,unchecked
warm,731,10584,2212,completed,unchecked
warm,732,10664,2225,completed,unchecked
warm,733,10574,2296,completed,unchecked
warm,734,10849,2257,completed,unchecked
warm,735,10352,2275,completed,unchecked
warm,736,10569,2325,completed,unchecked
warm,737,17515,6968,completed,unchecked
warm,738,10506,2185,completed,unchecked
warm,739,10354,2154,completed,unchecked
warm,740,10449,2202,completed,unchecked
warm,741,10800,2240,completed,unchecked
warm,742,10519,2255,completed,unchecked
warm,743,10715,2256,completed,unchecked
warm,744,10685,2275,completed,unchecked
warm,745,10655,2246,completed,unchecked
warm,746,10704,2338,completed,unchecked
warm,747,11419,2277,completed,unchecked
warm,748,10593,2456,completed,unchecked
warm,749,12440,4234,completed,unchecked
warm,750,10852,2346,completed,unchecked
warm,751,10737,2279,completed,unchecked
warm,752,10516,2263,completed,unchecked
warm,753,10540,2269,completed,unchecked
warm,754,10428,2226,completed,unchecked
warm,755,10717,2265,completed,unchecked
warm,756,10543,2230,completed,unchecked
warm,757,10363,2295,completed,unchecked
warm,758,10492,2199,completed,unchecked
warm,759,10744,2268,completed,unchecked
warm,760,10921,2388,completed,unchecked
warm,761,10775,2352,completed,unchecked
warm,762,10878,2221,completed,unchecked
warm,763,10512,2315,completed,unchecked
warm,764,10567,2358,completed,unchecked
warm,765,10460,2283,completed,unchecked
warm,766,10625,2235,completed,unchecked
warm,767,14394,5863,completed,unchecked
warm,768,10622,2265,completed,unchecked
warm,769,10724,2225,completed,unchecked
warm,770,10736,2299,completed,unchecked
warm,771,10513,2278,completed,unchecked
warm,772,10430,2363,completed,unchecked
warm,773,10661,2213,completed,unchecked
warm,774,10897,2352,completed,unchecked
warm,775,10591,2353,completed,unchecked
warm,776,10447,2155,completed,unchecked
warm,777,10825,2262,completed,unchecked
warm,778,10620,2249,completed,unchecked
warm,779,10501,2207,completed,unchecked
warm,780,10422,2346,completed,unchecked
warm,781,10302,2159,completed,unchecked
warm,782,10790,2342,completed,unchecked
warm,783,10357,2159,completed,unchecked
warm,784,10766,2378,completed,unchecked
warm,785,10613,2201,completed,unchecked
warm,786,17234,2284,completed,unchecked
warm,787,10427,2253,completed,unchecked
warm,788,10307,2253,completed,unchecked
warm,789,10950,2230,completed,unchecked
warm,790,10880,2361,completed,unchecked
warm,791,10878,2334,completed,unchecked
warm,792,10847,2299,completed,unchecked
warm,793,10640,2211,completed,unchecked
warm,794,10736,2301,completed,unchecked
warm,795,11054,2309,completed,unchecked
warm,796,10859,2405,completed,unchecked
warm,797,10963,2215,completed,unchecked
warm,798,11420,2289,completed,unchecked
warm,799,10854,2289,completed,unchecked
warm,800,10578,2218,completed,unchecked
warm,801,10653,2203,completed,unchecked
warm,802,10900,2360,completed,unchecked
warm,803,10670,2307,completed,unchecked
warm,804,10675,2202,completed,unchecked
warm,805,10685,2286,completed,unchecked
warm,806,10691,2324,completed,unchecked
warm,807,10484,2302,completed,unchecked
warm,808,10832,2388,completed,unchecked
warm,809,10678,2264,completed,unchecked
warm,810,10620,2281,completed,unchecked
warm,811,10675,2348,completed,unchecked
warm,812,10569,2319,completed,unchecked
warm,813,10554,2219,completed,unchecked
warm,814,10537,2188,completed,unchecked
warm,815,11492,2273,completed,unchecked
warm,816,10921,2122,completed,unchecked
warm,817,10765,2207,completed,unchecked
warm,818,10908,2494,completed,unchecked
warm,819,10549,2210,completed,unchecked
warm,820,10650,2152,completed,unchecked
warm,821,10599,2364,completed,unchecked
warm,822,10666,2321,completed,unchecked
warm,823,10680,2289,completed,unchecked
warm,824,10583,2139,completed,unchecked
warm,825,10547,2178,completed,unchecked
warm,826,10580,2296,completed,unchecked
warm,827,10640,2235,completed,unchecked
warm,828,10858,2277,completed,unchecked
warm,829,10581,2190,completed,unchecked
warm,830,10559,2162,completed,unchecked
warm,831,10665,2306,completed,unchecked
warm,832,10563,2282,completed,unchecked
warm,833,10401,2142,completed,unchecked
warm,834,11206,2203,completed,unchecked
warm,835,10572,2263,completed,unchecked
warm,836,17102,6843,completed,unchecked
warm,837,10711,2187,completed,unchecked
warm,838,10607,2270,completed,unchecked
warm,839,10878,2297,completed,unchecked
warm,840,10708,2175,completed,unchecked
warm,841,10601,2249,completed,unchecked
warm,842,10617,2171,completed,unchecked
warm,843,10530,2225,completed,unchecked
warm,844,11107,2309,completed,unchecked
warm,845,10627,2314,completed,unchecked
warm,846,10475,2259,completed,unchecked
warm,847,10706,2199,completed,unchecked
warm,848,10496,2358,completed,unchecked
warm,849,10628,2206,completed,unchecked
warm,850,10665,2239,completed,unchecked
warm,851,10607,2214,completed,unchecked
warm,852,10910,2385,completed,unchecked
warm,853,10589,2227,completed,unchecked
warm,854,10595,2165,completed,unchecked
warm,855,10540,2262,completed,unchecked
warm,856,14544,2309,completed,unchecked
warm,857,11185,2366,completed,unchecked
warm,858,11014,2371,completed,unchecked
warm,859,10808,2327,completed,unchecked
warm,860,11225,2376,completed,unchecked
warm,861,11199,2424,completed,unchecked
warm,862,11258,2469,completed,unchecked
warm,863,11023,2368,completed,unchecked
warm,864,11064,2433,completed,unchecked
warm,865,11100,2300,completed,unchecked
warm,866,11416,2555,completed,unchecked
warm,867,11419,2342,completed,unchecked
warm,868,11147,2393,completed,unchecked
warm,869,11182,2402,completed,unchecked
warm,870,10727,2337,completed,unchecked
warm,871,11043,2369,completed,unchecked
warm,872,10815,2280,completed,unchecked
warm,873,10844,2304,completed,unchecked
warm,874,11016,2291,completed,unchecked
warm,875,10874,2322,completed,unchecked
warm,876,10947,2328,completed,unchecked
warm,877,10262,2260,completed,unchecked
warm,878,10328,2263,completed,unchecked
warm,879,10072,2104,completed,unchecked
warm,880,10071,2171,completed,unchecked
warm,881,10198,2158,completed,unchecked
warm,882,10278,2163,completed,unchecked
warm,883,10279,2160,completed,unchecked
warm,884,10323,2155,completed,unchecked
warm,885,17255,2199,completed,unchecked
warm,886,10369,2207,completed,unchecked
warm,887,10475,2232,completed,unchecked
warm,888,10664,2269,completed,unchecked
warm,889,10249,2262,completed,unchecked
warm,890,10311,2156,completed,unchecked
warm,891,10345,2182,completed,unchecked
warm,892,10294,2155,completed,unchecked
warm,893,10537,2188,completed,unchecked
warm,894,10434,2164,completed,unchecked
warm,895,10391,2105,completed,unchecked
warm,896,10350,2205,completed,unchecked
warm,897,10310,2098,completed,unchecked
warm,898,10289,2177,completed,unchecked
warm,899,10371,2238,completed,unchecked
warm,900,10441,2180,completed,unchecked
warm,901,10442,2215,completed,unchecked
warm,902,11691,2312,completed,unchecked
warm,903,10496,2324,completed,unchecked
warm,904,10762,2220,completed,unchecked
warm,905,10364,2166,completed,unchecked
warm,906,10282,2168,completed,unchecked
warm,907,10220,2263,completed,unchecked
warm,908,10150,2131,completed,unchecked
warm,909,10285,2110,completed,unchecked
warm,910,10233,2098,completed,unchecked
warm,911,10416,2165,completed,unchecked
warm,912,10343,2116,completed,unchecked
warm,913,10205,2158,completed,unchecked
warm,914,10372,2206,completed,unchecked
warm,915,10323,2183,completed,unchecked
warm,916,10206,2187,completed,unchecked
warm,917,9917,2115,completed,unchecked
warm,918,10132,2093,completed,unchecked
warm,919,10100,2118,completed,unchecked
warm,920,9974,2152,completed,unchecked
warm,921,10037,2111,completed,unchecked
warm,922,9936,2081,completed,unchecked
warm,923,10074,2161,completed,unchecked
warm,924,10147,2160,completed,unchecked
warm,925,10056,2193,completed,unchecked
warm,926,9996,2089,completed,unchecked
warm,927,10027,2163,completed,unchecked
warm,928,10013,2083,completed,unchecked
warm,929,10113,2099,completed,unchecked
warm,930,10049,2123,completed,unchecked
warm,931,10138,2154,completed,unchecked
warm,932,10267,2301,completed,unchecked
warm,933,10019,2109,completed,unchecked
warm,934,10082,2170,completed,unchecked
warm,935,10106,2098,completed,unchecked
warm,936,19362,8589,completed,unchecked
warm,937,10379,2212,completed,unchecked
warm,938,10320,2123,completed,unchecked
warm,939,10380,2211,completed,unchecked
warm,940,10283,2224,completed,unchecked
warm,941,10130,2088,completed,unchecked
warm,942,10291,2106,completed,unchecked
warm,943,10368,2169,completed,unchecked
warm,944,10527,2289,completed,unchecked
warm,945,10774,2287,completed,unchecked
warm,946,10355,2268,completed,unchecked
warm,947,10224,2199,completed,unchecked
warm,948,10242,2030,completed,unchecked
warm,949,10367,2283,completed,unchecked
warm,950,10441,2274,completed,unchecked
warm,951,10422,2186,completed,unchecked
warm,952,10533,2084,completed,unchecked
warm,953,10156,2094,completed,unchecked
warm,954,10012,2199,completed,unchecked
warm,955,10245,2149,completed,unchecked
warm,956,10460,2222,completed,unchecked
warm,957,10266,2220,completed,unchecked
warm,958,10071,2067,completed,unchecked
warm,959,10219,2125,completed,unchecked
warm,960,10302,2132,completed,unchecked
warm,961,10616,2202,completed,unchecked
warm,962,10337,2162,completed,unchecked
warm,963,10106,2136,completed,unchecked
warm,964,10331,2175,completed,unchecked
warm,965,10036,2086,completed,unchecked
warm,966,10052,2132,completed,unchecked
warm,967,10252,2167,completed,unchecked
warm,968,10107,2102,completed,unchecked
warm,969,10036,2092,completed,unchecked
warm,970,10082,2143,completed,unchecked
warm,971,10062,2139,completed,unchecked
warm,972,10035,2119,completed,unchecked
warm,973,10083,2122,completed,unchecked
warm,974,9985,2071,completed,unchecked
warm,975,10085,2161,completed,unchecked
warm,976,10066,2149,completed,unchecked
warm,977,10076,2155,completed,unchecked
warm,978,10005,2090,completed,unchecked
warm,979,10006,2165,completed,unchecked
warm,980,10152,2116,completed,unchecked
warm,981,9989,2137,completed,unchecked
warm,982,10060,2159,completed,unchecked
warm,983,9950,2126,completed,unchecked
warm,984,16855,2169,completed,unchecked
warm,985,13625,4502,completed,unchecked
warm,986,11160,2340,completed,unchecked
warm,987,11099,2493,completed,unchecked
warm,988,11354,2631,completed,unchecked
warm,989,11255,2328,completed,unchecked
warm,990,11400,2325,completed,unchecked
warm,991,10785,2372,completed,unchecked
warm,992,10798,2294,completed,unchecked
warm,993,11195,2377,completed,unchecked
warm,994,11033,2409,completed,unchecked
warm,995,10891,2354,completed,unchecked
warm,996,10718,2334,completed,unchecked
warm,997,11220,2348,completed,unchecked
warm,998,10964,2320,completed,unchecked
warm,999,10858,2249,completed,unchecked
